filename,split
Q18068_wd0.jpg,train
Q240807_wd0.jpg,train
Q156675_wd0.jpg,train
Q184407_wd0.jpg,train
Q65326_wd0.jpg,train
Q215423_wd0.jpg,train
Q166800_wd0.jpg,train
Q12512_wd0.jpg,train
Q2943_wd2.jpg,train
Q8389_wd0.jpg,train
Q20534_wd0.jpg,train
Q114480_wd0.jpg,train
Q170123_wd0.jpg,train
Q175874_wd0.jpg,train
Q45058_wd0.jpg,train
Q10181_wd0.jpg,train
Q220811_wd0.jpg,train
Q113308_wd0.jpg,train
Q167244_wd0.jpg,train
Q224961_wd0.jpg,train
Q57341_wd0.jpg,train
Q188856_wd0.jpg,train
Q45235_wd0.jpg,train
Q132380_wd0.jpg,train
Q5924_wd0.jpg,train
Q22720_wd1.jpg,train
Q17977_wd0.jpg,train
Q202369_wd0.jpg,train
Q22720_wd0.jpg,train
Q185947_wd0.jpg,train
Q217452_wd0.jpg,train
Q197094_wd0.jpg,train
Q1521_wd0.jpg,train
Q228969_wd0.jpg,train
Q207985_wd0.jpg,train
Q239500_wd0.jpg,train
Q43307_wd0.jpg,train
Q83698_wd0.jpg,train
Q1516_wd0.jpg,train
Q127685_wd0.jpg,train
Q215208_wd0.jpg,train
Q3320_wd0.jpg,train
Q201935_wd0.jpg,train
Q3325_wd0.jpg,train
Q72202_wd0.jpg,train
Q195176_wd0.jpg,train
Q157229_wd0.jpg,train
Q155225_wd0.jpg,train
Q164289_wd0.jpg,train
Q176018_wd0.jpg,train
Q194474_wd0.jpg,train
Q241651_wd0.jpg,train
Q5908_wd0.jpg,train
Q228960_wd0.jpg,train
Q83949_wd0.jpg,train
Q5920_wd0.jpg,train
Q9528_wd0.jpg,train
Q180274_wd0.jpg,train
Q228627_wd0.jpg,train
Q5938_wd0.jpg,train
Q205391_wd0.jpg,train
Q153437_wd1.jpg,train
Q206656_wd0.jpg,train
Q228966_wd0.jpg,train
Q5901_wd0.jpg,train
Q174646_wd0.jpg,train
Q152973_wd0.jpg,train
Q162291_wd0.jpg,train
Q113369_wd0.jpg,train
Q81473_wd0.jpg,train
Q227452_wd0.jpg,train
Q167623_wd0.jpg,train
Q186259_wd0.jpg,train
Q178058_wd0.jpg,train
Q51177_wd0.jpg,train
Q140223_wd0.jpg,train
Q52531_wd0.jpg,train
Q240165_wd0.jpg,train
Q168771_wd0.jpg,train
Q18642_wd0.jpg,train
Q29265_wd0.jpg,train
Q17438_wd0.jpg,train
Q211888_wd0.jpg,train
Q72745_wd0.jpg,train
Q22720_wd2.jpg,train
Q228967_wd0.jpg,train
Q174693_wd0.jpg,train
Q221363_wd0.jpg,train
Q167431_wd0.jpg,train
Q162816_wd0.jpg,train
Q210039_wd0.jpg,train
Q153437_wd2.jpg,train
Q196161_wd0.jpg,train
Q167321_wd0.jpg,train
Q5933_wd0.jpg,train
Q17155_wd0.jpg,train
Q114532_wd0.jpg,train
Q225459_wd0.jpg,train
Q46592_wd0.jpg,train
Q49596_wd0.jpg,train
Q205390_wd0.jpg,train
Q130173_wd0.jpg,train
Q28785_wd0.jpg,train
Q3100_wd0.jpg,train
Q206823_wd0.jpg,train
Q217961_wd0.jpg,train
Q4176_wd0.jpg,train
Q202798_wd0.jpg,train
Q166667_wd0.jpg,train
Q173882_wd0.jpg,train
Q144945_wd0.jpg,train
Q106934_wd0.jpg,train
Q12506_wd0.jpg,train
Q51175_wd0.jpg,train
Q45033_wd0.jpg,train
Q185910_wd0.jpg,train
Q48435_wd0.jpg,train
Q135737_wd0.jpg,train
Q127667_wd0.jpg,train
Q170402_wd0.jpg,train
Q191739_wd0.jpg,train
Q223413_wd0.jpg,train
Q94875_wd0.jpg,train
Q198106_wd0.jpg,train
Q167193_wd0.jpg,train
Q10924_wd0.jpg,train
Q28781_wd0.jpg,train
Q24277_wd0.jpg,train
Q164743_wd0.jpg,train
Q205625_wd0.jpg,train
Q228627_wd1.jpg,train
Q29157_wd0.jpg,train
Q231606_wd0.jpg,train
Q209705_wd0.jpg,train
Q195052_wd0.jpg,test
Q215023_wd0.jpg,test
Q182989_wd0.jpg,test
Q156427_wd0.jpg,test
Q187151_wd0.jpg,test
Q127918_wd0.jpg,test
Q63504_wd0.jpg,test
Q94744_wd0.jpg,test
Q1389_wd0.jpg,test
Q43282_wd0.jpg,test
Q93679_wd0.jpg,test
Q5943_wd0.jpg,test
Q153437_wd3.jpg,test
Q220038_wd0.jpg,test
Q5949_wd0.jpg,test
Q167124_wd0.jpg,test
Q63602_wd0.jpg,test
Q16454_wd0.jpg,test
Q241410_wd0.jpg,test
Q44562_wd0.jpg,test
Q17282_wd0.jpg,test
Q205453_wd0.jpg,test
Q127426_wd0.jpg,test
Q239560_wd0.jpg,test
Q195354_wd0.jpg,test
Q76886_wd0.jpg,test
Q172988_wd0.jpg,test
Q13408_wd0.jpg,test
Q2981_wd0.jpg,test
Q206267_wd0.jpg,test
Q198540_wd0.jpg,test
Q186149_wd0.jpg,test
Q164664_wd0.jpg,test
Q31204_wd0.jpg,test
